{"cameraMode":{"drawMode":0,"name":"Shaded","section":"Shading Mode"},"sceneLighting":false,"audioPlay":false,"sceneViewState":{"showFog":true,"showMaterialUpdate":false,"showSkybox":false,"showFlares":true,"showImageEffects":true,"showParticleSystems":true},"in2DMode":false,"pivot":{"x":-221.2778778076172,"y":129.06248474121095,"z":-17.687883377075197},"rotation":{"x":0.03619637340307236,"y":0.19423606991767884,"z":-0.007180863991379738,"w":0.9802798628807068},"size":1511.6475830078125,"orthographic":false}